pag,option_rank,per_option_revenue_pct,cum_revenue_pct
GA_BX_MKT,22.0,0.0,100.0
CMC_LD_MKT,4.0,12.141184853420196,52.987581433224754
CMC_LD_MKT,5.0,11.034201954397393,64.02178338762215
GA_ULD_MKT,28.0,0.0,100.0
GA_ULD_MKT,29.0,0.0,100.0
GA_LD_MKT,23.0,0.0,100.0
GA_LD_MKT,24.0,0.0,100.0
GA_ULD_MKT,30.0,0.0,100.0
GA_ULD_MKT,31.0,0.0,100.0
GA_ULD_MKT,32.0,0.0,100.0
GA_ULD_MKT,33.0,0.0,100.0
GA_ULD_MKT,34.0,0.0,100.0
GA_ULD_MKT,35.0,0.0,100.0
CMC_LD_MKT,20.0,0.0,100.0
CMC_LD_MKT,21.0,0.0,100.0
CMC_LD_MKT,22.0,0.0,100.0
MM_DZ_MKT,49.0,0.0,100.0
MM_DZ_MKT,50.0,0.0,100.0
MM_DZ_MKT,51.0,0.0,100.0
MM_DZ_MKT,52.0,0.0,100.0
CMC_LD_MKT,18.0,0.0025447882736156354,99.99745521172639
MM_DZ_MKT,53.0,0.0,100.0
MM_DZ_MKT,54.0,0.0,100.0
MM_DZ_MKT,55.0,0.0,100.0
GA_ULD_MKT,36.0,0.0,100.0
GA_ULD_MKT,25.0,0.004981568197668626,99.99501843180234
GA_ULD_MKT,37.0,0.0,100.0
CMC_LD_MKT,17.0,0.005089576547231271,99.99491042345277
CMC_LD_MKT,16.0,0.01526872964169381,99.98982084690553
CMC_LD_MKT,15.0,0.025447882736156353,99.97455211726384
CMC_LD_MKT,19.0,0.0025447882736156354,100.0
CMC_LD_MKT,10.0,5.2295399022801305,96.26170602605863
CMC_LD_MKT,9.0,6.229641693811075,91.0321661237785
GA_LD_MKT,1.0,57.93788819875776,57.93788819875776
GA_LD_MKT,3.0,13.41614906832298,95.35403726708074
GA_LD_MKT,2.0,24.0,81.93788819875776
GA_ULD_MKT,16.0,0.3387466374414666,98.84925774633855
GA_ULD_MKT,13.0,3.0038856231941815,95.71336056590614
GA_ULD_MKT,18.0,0.28145860316827737,99.42213808907044
CMC_LD_MKT,2.0,12.749389250814334,28.450732899022803
CMC_LD_MKT,3.0,12.395663680781759,40.84639657980456
CMC_LD_MKT,1.0,15.701343648208468,15.701343648208468
MM_BX_MKT,26.0,0.24614587381785205,98.80813576888198
MM_BX_MKT,29.0,0.10364036792330612,99.33929265448893
MM_BX_MKT,21.0,0.5182018396165307,97.14988988210908
GA_LD_MKT,25.0,0.0,100.0
GA_LD_MKT,26.0,0.0,100.0
GA_LD_MKT,27.0,0.0,100.0
GA_LD_MKT,28.0,0.0,100.0
MT_PK_CPR,14.0,0.0,100.0
MT_PK_CPR,15.0,0.0,100.0
GA_LD_CPR,5.0,5.99689699368156,41.90959581196354
GA_LD_CPR,79.0,0.0,100.0
GA_LD_CPR,72.0,0.0002044141184743348,99.99877351528916
GA_LD_CPR,80.0,0.0,100.0
GA_LD_CPR,81.0,0.0,100.0
GA_LD_CPR,82.0,0.0,100.0
GA_LD_CPR,83.0,0.0,100.0
GA_LD_CPR,84.0,0.0,100.0
GA_LD_CPR,85.0,0.0,100.0
GA_LD_CPR,86.0,0.0,100.0
GA_LD_CPR,87.0,0.0,100.0
GA_LD_CPR,88.0,0.0,100.0
GA_LD_CPR,89.0,0.0,100.0
GA_LD_CPR,90.0,0.0,100.0
GA_LD_CPR,45.0,0.04129165193181563,99.76328845080673
GA_LD_CPR,73.0,0.0002044141184743348,99.99897792940763
GA_LD_CPR,91.0,0.0,100.0
GA_LD_CPR,92.0,0.0,100.0
GA_LD_CPR,69.0,0.0004088282369486696,99.99775144469679
GA_LD_CPR,54.0,0.011651604753037084,99.95400682334328
GA_LD_CPR,93.0,0.0,100.0
GA_LD_CPR,94.0,0.0,100.0
GA_LD_CPR,58.0,0.004088282369486696,99.97996741638951
GA_LD_CPR,95.0,0.0,100.0
GA_LD_CPR,96.0,0.0,100.0
GA_LD_CPR,97.0,0.0,100.0
GA_LD_CPR,74.0,0.0002044141184743348,99.9991823435261
GA_LD_CPR,52.0,0.013900160056254765,99.92886388677093
GA_LD_CPR,66.0,0.0006132423554230043,99.99611613174899
GA_LD_CPR,70.0,0.0004088282369486696,99.99816027293373
GA_DZ_CPR,9.0,0.0,100.00000000000001
GA_DZ_CPR,10.0,0.0,100.00000000000001
GA_DZ_CPR,1.0,38.61850060459492,38.61850060459492
GA_RS_CPR,4.0,0.020883366398663464,100.0
GA_RS_CPR,1.0,99.50924088963141,99.50924088963141
GA_LD_CPR,98.0,0.0,100.0
GA_LD_CPR,99.0,0.0,100.0
MM_DZ_CPR,10.0,0.0,100.0
MM_DZ_CPR,11.0,0.0,100.0
MM_DZ_CPR,12.0,0.0,100.0
GA_DZ_CPR,2.0,33.29554615074567,71.91404675534059
GA_LD_CPR,100.0,0.0,100.0
GA_LD_CPR,101.0,0.0,100.0
GA_LD_CPR,29.0,0.23425857977158768,98.05172903682111
GA_LD_CPR,102.0,0.0,100.0
GA_LD_CPR,75.0,0.0002044141184743348,99.99938675764457
GA_LD_CPR,103.0,0.0,100.0
GA_LD_CPR,71.0,0.0004088282369486696,99.99856910117069
GA_LD_CPR,104.0,0.0,100.0
GA_LD_CPR,105.0,0.0,100.0
GA_LD_CPR,3.0,8.383636240987892,27.81687765610595
GA_LD_CPR,106.0,0.0,100.0
GA_LD_CPR,107.0,0.0,100.0
GA_LD_CPR,108.0,0.0,100.0
GA_LD_CPR,8.0,5.523269481176526,58.99309693521912
GA_LD_CPR,50.0,0.01921492713658747,99.89595321369656
GA_LD_CPR,53.0,0.013491331819306097,99.94235521859024
MT_PK_CPR,16.0,0.0,100.0
MT_PK_CPR,11.0,0.006276019330139537,99.99163197422648
MT_PK_CPR,2.0,22.422125060145184,93.76582079872807
MT_PK_CPR,17.0,0.0,100.0
MT_PK_CPR,18.0,0.0,100.0
GA_LD_CPR,109.0,0.0,100.0
MM_DZ_CPR,9.0,0.8839731818764145,100.0
GA_LD_CPR,12.0,3.4981388094512913,77.12687779919584
GA_LD_CPR,28.0,0.2949695729584651,97.81747045704952
GA_LD_CPR,110.0,0.0,100.0
GA_LD_CPR,111.0,0.0,100.0
GA_LD_CPR,112.0,0.0,100.0
GA_LD_CPR,113.0,0.0,100.0
GA_LD_CPR,114.0,0.0,100.0
GA_LD_CPR,47.0,0.02677824952013786,99.83135835225868
GA_LD_CPR,115.0,0.0,100.0
GA_LD_CPR,116.0,0.0,100.0
MT_PK_CPR,12.0,0.006276019330139537,99.99790799355662
MT_PK_CPR,6.0,0.4267693144494885,99.0460450618188
MT_PK_CPR,13.0,0.0020920064433798454,100.0
MT_PK_CPR,10.0,0.027196083763937992,99.98535595489635
GA_LD_CPR,117.0,0.0,100.0
GA_LD_CPR,118.0,0.0,100.0
GA_LD_CPR,62.0,0.002044141184743348,99.9912101929056
GA_LD_CPR,119.0,0.0,100.0
GA_LD_CPR,120.0,0.0,100.0
GA_LD_CPR,121.0,0.0,100.0
GA_LD_CPR,122.0,0.0,100.0
OT_RS_CPR,4.0,0.017921146953405017,100.0
OT_RS_CPR,3.0,0.022401433691756272,99.9820788530466
OT_RS_CPR,5.0,0.0,100.0
GA_LD_CPR,123.0,0.0,100.0
GA_LD_CPR,124.0,0.0,100.0
GA_LD_CPR,11.0,3.998544571476463,73.62873898974455
GA_LD_CPR,125.0,0.0,100.0
GA_LD_CPR,46.0,0.04129165193181563,99.80458010273854
GA_LD_CPR,126.0,0.0,100.0
GA_LD_CPR,127.0,0.0,100.0
GA_LD_CPR,128.0,0.0,100.0
GA_LD_CPR,129.0,0.0,100.0
GA_DZ_CPR,11.0,0.0,100.00000000000001
GA_DZ_CPR,12.0,0.0,100.00000000000001
GA_DZ_CPR,13.0,0.0,100.00000000000001
GA_LD_CPR,130.0,0.0,100.0
MM_DZ_CPR,13.0,0.0,100.0
GA_LD_CPR,131.0,0.0,100.0
OT_RS_CPR,2.0,0.04032258064516129,99.95967741935485
OT_RS_CPR,1.0,99.91935483870968,99.91935483870968
OT_RS_CPR,6.0,0.0,100.0
OT_RS_CPR,7.0,0.0,100.0
GA_LD_CPR,48.0,0.024120865979971505,99.85547921823864
GA_LD_CPR,132.0,0.0,100.0
GA_LD_CPR,133.0,0.0,100.0
MT_PK_CPR,8.0,0.3221689922804962,99.75732725256795
MT_PK_CPR,4.0,0.8200665258048995,98.05652601410013
GA_DZ_CPR,7.0,0.007557436517533252,99.99748085449417
GA_DZ_CPR,3.0,25.929564691656594,97.84361144699719
GA_LD_CPR,65.0,0.0012264847108460087,99.99550288939356
GA_LD_CPR,134.0,0.0,100.0
GA_DZ_CPR,8.0,0.0025191455058444175,100.00000000000001
GA_LD_CPR,27.0,0.2994666835649004,97.52250088409106
GA_LD_CPR,31.0,0.20359646200043746,98.4771148173662
GA_LD_CPR,43.0,0.05233001432942971,99.67477713750733
GA_LD_CPR,64.0,0.0014308988293203434,99.99427640468272
GA_LD_CPR,14.0,3.066416191233496,83.59494933596073
GA_LD_CPR,56.0,0.007767736502024722,99.97035995282123
GA_LD_CPR,38.0,0.08953338389175863,99.34567040676366
GA_LD_CPR,37.0,0.11161010868698679,99.2561370228719
GA_LD_CPR,42.0,0.056827124935865066,99.6224471231779
GA_RS_CPR,2.0,0.38634227837527413,99.8955831680067
GA_RS_CPR,3.0,0.08353346559465386,99.97911663360134
MT_PK_CPR,9.0,0.2008326185644652,99.95815987113241
GA_DZ_CPR,6.0,0.01007658202337767,99.98992341797663
GA_LD_CPR,63.0,0.0016353129477946783,99.9928455058534
GA_LD_CPR,76.0,0.0002044141184743348,99.99959117176306
GA_LD_CPR,135.0,0.0,100.0
GA_LD_CPR,67.0,0.0006132423554230043,99.9967293741044
GA_LD_CPR,136.0,0.0,100.0
GA_LD_CPR,137.0,0.0,100.0
GA_LD_CPR,77.0,0.0002044141184743348,99.99979558588153
GA_LD_CPR,138.0,0.0,100.0
GA_LD_CPR,68.0,0.0006132423554230043,99.99734261645983
GA_LD_CPR,78.0,0.0002044141184743348,100.0
GA_LD_CPR,139.0,0.0,100.0
GA_LD_CPR,22.0,0.5680668352401764,95.70546378497271
GA_LD_CPR,49.0,0.02125906832133082,99.87673828655997
GA_LD_CPR,23.0,0.5261619409529378,96.23162572592564
MT_PK_CPR,3.0,3.470638689567164,97.23645948829522
MM_DZ_CPR,7.0,1.9003288209420506,97.51462612631849
GA_LD_CPR,40.0,0.07318025441381185,99.49387064265755
GA_LD_CPR,33.0,0.13981925703644502,98.7870066209733
GA_LD_CPR,32.0,0.17007254657064655,98.64718736393685
GA_LD_CPR,61.0,0.0024529694216920174,99.98916605172086
GA_LD_CPR,57.0,0.005519181198807039,99.97587913402003
GA_LD_CPR,59.0,0.003475040014063691,99.98344245640358
GA_LD_CPR,60.0,0.0032706258955893567,99.98671308229918
MT_PK_CPR,7.0,0.3891131984686513,99.43515826028745
MM_DZ_CPR,6.0,2.2974761925097154,95.61429730537644
GA_LD_CPR,55.0,0.008585392975922061,99.9625922163192
GA_LD_CPR,24.0,0.3307420436914737,96.56236776961711
MM_DZ_CPR,8.0,1.601400691805099,99.11602681812359
GA_LD_CPR,41.0,0.07174935558449151,99.56561999824204
GA_LD_CPR,51.0,0.019010513018113136,99.91496372671467
MT_PK_CPR,5.0,0.5627497332691785,98.6192757473693
GA_DZ_CPR,4.0,1.4157597742845627,99.25937122128175
GA_DZ_CPR,5.0,0.7204756146715033,99.97984683595325
MM_LD_CPR,5.0,0.14747812407826172,99.86726968832957
MM_LD_CPR,6.0,0.13273031167043556,100.0
MM_LD_CPR,2.0,2.792252482548422,97.59610657752434
MM_LD_CPR,4.0,1.0028512437321797,99.71979156425131
MM_LD_CPR,3.0,1.120833742994789,98.71694032051913
MM_LD_CPR,1.0,94.80385409497592,94.80385409497592
GA_LD_CPR,15.0,2.7532537617308153,86.34820309769155
GA_LD_CPR,18.0,1.5944301240998116,92.07261607144682
GA_LD_CPR,16.0,2.0848195943197405,88.43302269201129
GA_LD_CPR,19.0,1.3889939350331049,93.46161000647993
GA_LD_CPR,17.0,2.0451632553357193,90.47818594734701
GA_LD_CPR,21.0,0.7980327185238031,95.13739694973252
GA_LD_CPR,20.0,0.8777542247287936,94.33936423120872
GA_LD_CPR,36.0,0.11733370400426817,99.14452691418491
MM_DZ_CPR,2.0,22.598966562753557,50.083272835973865
MM_DZ_CPR,4.0,11.354998505359355,83.80236580262203
MT_PK_CPR,1.0,71.34369573858288,71.34369573858288
MM_DZ_CPR,1.0,27.48430627322031,27.48430627322031
MM_DZ_CPR,5.0,9.514455310244694,93.31682111286672
GA_LD_CPR,2.0,9.54307312097432,19.43324141511806
MM_DZ_CPR,3.0,22.364094461288808,72.44736729726267
GA_LD_CPR,9.0,5.492607363405376,64.4857042986245
GA_LD_CPR,13.0,3.4016553455314047,80.52853314472723
GA_LD_CPR,7.0,5.602377745026094,53.469827454042594
GA_LD_CPR,39.0,0.07501998148008086,99.42069038824374
GA_LD_CPR,30.0,0.22178931854465325,98.27351835536577
GA_LD_CPR,34.0,0.1222396428476522,98.90924626382095
GA_LD_CPR,44.0,0.04721966136757134,99.72199679887491
GA_LD_CPR,6.0,5.957853897052962,47.867449709016505
GA_LD_CPR,35.0,0.11794694635969118,99.02719321018064
GA_LD_CPR,10.0,5.144490119643583,69.63019441826808
GA_LD_CPR,26.0,0.33012880133605066,97.22303420052616
GA_LD_CPR,25.0,0.33053762957299937,96.89290539919011
GA_LD_CPR,1.0,9.89016829414374,9.89016829414374
GA_LD_CPR,4.0,8.09582116217603,35.91269881828198
MM_TPC_MKT,16.0,0.2462447672986949,99.01502093080522
MM_TPC_MKT,25.0,0.02462447672986949,99.95075104654026
MM_TPC_MKT,28.0,0.0,100.0
GA_LD_MKT,29.0,0.0,100.0
GA_LD_MKT,30.0,0.0,100.0
GA_LD_MKT,17.0,0.02484472049689441,99.87577639751552
GA_LD_MKT,31.0,0.0,100.0
GA_LD_MKT,32.0,0.0,100.0
GA_LD_MKT,33.0,0.0,100.0
GA_LD_MKT,34.0,0.0,100.0
GA_LD_MKT,35.0,0.0,100.0
GA_LD_MKT,36.0,0.0,100.0
GA_LD_MKT,37.0,0.0,100.0
GA_LD_MKT,38.0,0.0,100.0
GA_LD_MKT,39.0,0.0,100.0
GA_LD_MKT,40.0,0.0,100.0
GA_LD_MKT,41.0,0.0,100.0
GA_LD_MKT,42.0,0.0,100.0
GA_LD_MKT,43.0,0.0,100.0
GA_LD_MKT,44.0,0.0,100.0
GA_LD_MKT,15.0,0.09937888198757765,99.77639751552795
GA_LD_MKT,45.0,0.0,100.0
GA_LD_MKT,46.0,0.0,100.0
GA_LD_MKT,47.0,0.0,100.0
GA_LD_MKT,48.0,0.0,100.0
GA_LD_MKT,49.0,0.0,100.0
GA_ULD_MKT,38.0,0.0,100.0
GA_ULD_MKT,39.0,0.0,100.0
GA_ULD_MKT,40.0,0.0,100.0
MM_GS_MKT,9.0,0.0,100.0
GA_LD_MKT,18.0,0.02484472049689441,99.90062111801242
GA_LD_MKT,12.0,0.14906832298136646,99.42857142857143
GA_LD_MKT,13.0,0.12422360248447205,99.5527950310559
GA_LD_MKT,19.0,0.02484472049689441,99.92546583850931
GA_LD_MKT,20.0,0.02484472049689441,99.95031055900621
GA_LD_MKT,14.0,0.12422360248447205,99.67701863354037
GA_LD_MKT,50.0,0.0,100.0
GA_LD_MKT,51.0,0.0,100.0
GA_LD_MKT,52.0,0.0,100.0
GA_MX_MKT,1.0,34.86379928315412,34.86379928315412
GA_MX_MKT,3.0,21.8494623655914,80.00716845878136
GA_MX_MKT,2.0,23.293906810035843,58.157706093189965
GA_MX_MKT,7.0,0.08602150537634409,99.86379928315412
GA_MX_MKT,6.0,0.31899641577060933,99.77777777777779
CMC_LD_MKT,23.0,0.0,100.0
GA_MX_MKT,8.0,0.05017921146953405,99.91397849462366
GA_MX_MKT,10.0,0.035842293906810034,99.99283154121864
GA_MX_MKT,9.0,0.043010752688172046,99.95698924731182
GA_MX_MKT,5.0,3.9498207885304657,99.45878136200717
MM_DZ_MKT,42.0,0.018046198267564966,99.96791786974656
MM_DZ_MKT,41.0,0.02005133140840552,99.94987167147899
MM_DZ_MKT,39.0,0.030076997112608275,99.90776387552134
MM_DZ_MKT,40.0,0.02205646454924607,99.92982034007058
MM_BX_MKT,28.0,0.18137064386578572,99.23565228656561
MM_BX_MKT,25.0,0.2720559657986786,98.56198989506413
MM_BX_MKT,27.0,0.24614587381785205,99.05428164269983
MM_BX_MKT,22.0,0.5182018396165307,97.66809172172562
GA_LD_VP,65.0,0.003664648056362287,99.96610200547865
GA_LD_VP,48.0,0.010077782154996289,99.84516861961869
GA_LD_VP,59.0,0.0054969720845434306,99.93861714505593
GA_LD_VP,60.0,0.0054969720845434306,99.94411411714047
GA_LD_VP,49.0,0.010077782154996289,99.85524640177368
GA_LD_VP,77.0,0.0009161620140905718,99.99358686590136
GA_ULD_VP,5.0,0.0,100.0
GA_LD_VP,78.0,0.0009161620140905718,99.99450302791546
GA_LD_VP,85.0,0.0,100.0
GA_LD_VP,86.0,0.0,100.0
MM_GS_VP,8.0,0.031918289179699966,100.0
MM_GS_VP,3.0,6.383657835939993,96.5209064794127
GA_LD_VP,13.0,3.7177854531795402,76.46837866808366
GA_LD_VP,3.0,7.186374838526445,23.645225421663568
GA_LD_VP,7.0,5.89641872268692,49.86394994090755
GA_LD_VP,68.0,0.0027484860422717153,99.97617978763364
GA_LD_VP,38.0,0.021987888338173722,99.69216956326557
GA_LD_VP,12.0,3.8542935932790354,72.75059321490413
GA_LD_VP,87.0,0.0,100.0
GA_LD_VP,9.0,5.2999972515139575,60.50608789658363
GA_LD_VP,6.0,6.517576568240327,43.96753121822063
GA_LD_VP,4.0,7.179961704427811,30.82518712609138
GA_LD_VP,88.0,0.0,100.0
GA_LD_VP,5.0,6.6247675238889245,37.449954649980306
GA_LD_VP,2.0,8.031076215517952,16.45885058313712
GA_LD_VP,61.0,0.004580810070452859,99.94869492721092
GA_DZ_VP,15.0,0.0,100.0
GA_DZ_VP,1.0,61.79343000887837,61.79343000887837
MM_DZ_VP,13.0,0.0,100.0
GA_DZ_VP,3.0,0.31074282332050907,99.12696063924238
GA_DZ_VP,2.0,37.02278780704351,98.81621781592187
GA_DZ_VP,16.0,0.0,100.0
MM_DZ_VP,1.0,77.51434988769653,77.51434988769653
MM_GS_VP,9.0,0.0,100.0
GA_LD_VP,89.0,0.0,100.0
MM_DZ_VP,9.0,0.02495632642874969,99.92513102071375
MM_DZ_VP,5.0,0.09982530571499876,99.700524082855
MM_DZ_VP,10.0,0.02495632642874969,99.9500873471425
MM_DZ_VP,14.0,0.0,100.0
MM_DZ_VP,11.0,0.02495632642874969,99.97504367357125
MM_DZ_VP,6.0,0.07486897928624905,99.77539306214125
MM_DZ_VP,7.0,0.07486897928624905,99.8502620414275
MM_DZ_VP,8.0,0.04991265285749938,99.900174694285
GA_LD_VP,90.0,0.0,100.0
GA_LD_VP,91.0,0.0,100.0
GA_LD_VP,92.0,0.0,100.0
GA_LD_VP,15.0,3.2871893065569715,83.33134831563613
GA_LD_VP,93.0,0.0,100.0
GA_LD_VP,53.0,0.009161620140905718,99.89464136837958
GA_LD_VP,16.0,3.078304367344321,86.40965268298046
GA_LD_VP,94.0,0.0,100.0
GA_LD_VP,28.0,0.4003628001575799,99.12048446647304
GA_LD_VP,66.0,0.003664648056362287,99.969766653535
GA_LD_VP,58.0,0.006413134098634002,99.93312017297139
GA_LD_VP,95.0,0.0,100.0
GA_LD_VP,71.0,0.0018323240281811436,99.98350908374637
GA_LD_VP,45.0,0.013742430211358575,99.81035446308326
GA_LD_VP,96.0,0.0,100.0
GA_LD_VP,97.0,0.0,100.0
GA_LD_VP,98.0,0.0,100.0
GA_LD_VP,99.0,0.0,100.0
GA_LD_VP,100.0,0.0,100.0
GA_LD_VP,101.0,0.0,100.0
GA_LD_VP,32.0,0.03664648056362287,99.52909272475745
GA_LD_VP,79.0,0.0009161620140905718,99.99541918992955
GA_LD_VP,102.0,0.0,100.0
GA_LD_VP,50.0,0.010077782154996289,99.86532418392869
GA_DZ_VP,5.0,0.19236460491269608,99.52648712636875
GA_DZ_VP,7.0,0.0739863865048831,99.79283811778633
GA_DZ_VP,4.0,0.20716188221367265,99.33412252145605
GA_DZ_VP,8.0,0.0739863865048831,99.86682450429122
MM_DZ_VP,3.0,0.1746942850012478,99.4509608185675
GA_DZ_VP,6.0,0.19236460491269608,99.71885173128145
GA_LD_VP,103.0,0.0,100.0
GA_LD_VP,72.0,0.0018323240281811436,99.98534140777456
GA_LD_VP,104.0,0.0,100.0
GA_ULD_VP,6.0,0.0,100.0
GA_ULD_VP,7.0,0.0,100.0
GA_LD_VP,1.0,8.42777436761917,8.42777436761917
GA_LD_VP,105.0,0.0,100.0
GA_LD_VP,67.0,0.003664648056362287,99.97343130159138
MM_GS_VP,10.0,0.0,100.0
MM_GS_VP,11.0,0.0,100.0
GA_DZ_VP,17.0,0.0,100.0
GA_DZ_VP,10.0,0.014797277300976621,99.9408108907961
GA_DZ_VP,18.0,0.0,100.0
GA_DZ_VP,11.0,0.014797277300976621,99.95560816809707
GA_LD_VP,36.0,0.022904050352264296,99.64727762457512
GA_LD_VP,106.0,0.0,100.0
GA_LD_VP,73.0,0.0018323240281811436,99.98717373180273
GA_LD_VP,41.0,0.017407078267720862,99.75080393216736
GA_LD_VP,51.0,0.010077782154996289,99.87540196608369
GA_LD_VP,74.0,0.0018323240281811436,99.98900605583091
GA_LD_VP,107.0,0.0,100.0
GA_LD_VP,108.0,0.0,100.0
GA_LD_VP,109.0,0.0,100.0
GA_DZ_VP,12.0,0.014797277300976621,99.97040544539806
GA_DZ_VP,19.0,0.0,100.0
GA_DZ_VP,20.0,0.0,100.0
GA_DZ_VP,13.0,0.014797277300976621,99.98520272269903
GA_LD_VP,75.0,0.0018323240281811436,99.9908383798591
GA_LD_VP,110.0,0.0,100.0
GA_LD_VP,76.0,0.0018323240281811436,99.99267070388727
GA_LD_VP,111.0,0.0,100.0
GA_LD_VP,80.0,0.0009161620140905718,99.99633535194364
GA_LD_VP,112.0,0.0,100.0
GA_LD_VP,113.0,0.0,100.0
GA_LD_VP,81.0,0.0009161620140905718,99.99725151395772
GA_LD_VP,62.0,0.004580810070452859,99.95327573728137
GA_LD_VP,69.0,0.0027484860422717153,99.97892827367592
GA_LD_VP,56.0,0.007329296112724574,99.91937774276003
GA_ULD_VP,4.0,0.019398642095053344,100.0
GA_LD_VP,114.0,0.0,100.0
GA_LD_VP,82.0,0.0009161620140905718,99.99816767597181
GA_LD_VP,83.0,0.0009161620140905718,99.9990838379859
GA_LD_VP,70.0,0.0027484860422717153,99.98167675971818
MM_GS_VP,4.0,2.6172997127353974,99.1382061921481
GA_LD_VP,115.0,0.0,100.0
GA_LD_VP,26.0,0.48831435351027475,98.28769319566472
GA_LD_VP,54.0,0.009161620140905718,99.9038029885205
GA_LD_VP,84.0,0.0009161620140905718,100.0
GA_LD_VP,63.0,0.004580810070452859,99.95785654735184
GA_LD_VP,8.0,5.342140704162124,55.20609064506967
GA_LD_VP,14.0,3.575780340995502,80.04415900907917
GA_LD_VP,10.0,4.320620058451136,64.82670795503476
MM_DZ_VP,4.0,0.1497379585724981,99.60069877714
GA_LD_VP,22.0,1.2029207245009208,95.47415965039258
GA_LD_VP,19.0,1.6115289827853159,91.73621863290305
GA_LD_VP,30.0,0.13192733002904233,99.4466381434893
MM_GS_VP,2.0,10.979891477816789,90.13724864347272
MM_DZ_VP,2.0,21.76191664586973,99.27626653356626
MM_GS_VP,1.0,79.15735716565592,79.15735716565592
MM_GS_VP,5.0,0.5426109160548994,99.680817108203
GA_LD_VP,42.0,0.015574754239539721,99.76637868640691
GA_LD_VP,47.0,0.010993944169086861,99.8350908374637
GA_DZ_VP,14.0,0.014797277300976621,100.0
GA_ULD_VP,2.0,37.434529582929194,95.65955383123182
GA_LD_VP,40.0,0.020155564309992578,99.73339685389965
GA_ULD_VP,1.0,58.22502424830262,58.22502424830262
GA_LD_VP,46.0,0.013742430211358575,99.82409689329461
GA_LD_VP,37.0,0.022904050352264296,99.67018167492739
GA_LD_VP,57.0,0.007329296112724574,99.92670703887275
GA_LD_VP,39.0,0.021071726324083148,99.71324128958965
GA_LD_VP,25.0,0.5991699572152339,97.79937884215444
GA_LD_VP,27.0,0.43242847065074985,98.72012166631546
GA_LD_VP,23.0,1.0343469139082555,96.50850656430083
GA_LD_VP,17.0,1.8992038552097554,88.30885653819021
GA_LD_VP,11.0,4.06959166659032,68.89629962162509
GA_LD_VP,29.0,0.19422634698720123,99.31471081346025
GA_LD_VP,35.0,0.02748486042271715,99.62437357422286
GA_LD_VP,52.0,0.010077782154996289,99.88547974823868
GA_LD_VP,44.0,0.014658592225449149,99.79661203287189
GA_LD_VP,55.0,0.008245458126815146,99.9120484466473
GA_LD_VP,64.0,0.004580810070452859,99.96243735742229
GA_LD_VP,34.0,0.031149508479079442,99.59688871380015
GA_LD_VP,33.0,0.03664648056362287,99.56573920532107
GA_LD_VP,43.0,0.015574754239539721,99.78195344064645
GA_DZ_VP,9.0,0.059189109203906486,99.92601361349512
MM_DZ_VP,15.0,0.0,100.0
MM_DZ_VP,12.0,0.02495632642874969,100.0
GA_LD_VP,18.0,1.815833111927513,90.12468965011773
GA_LD_VP,24.0,0.6917023206383817,97.20020888493922
GA_LD_VP,20.0,1.3183571382763328,93.05457577117937
GA_LD_VP,31.0,0.04580810070452859,99.49244624419383
MM_GS_VP,7.0,0.06383657835939993,99.9680817108203
MM_GS_VP,12.0,0.0,100.0
GA_LD_VP,21.0,1.2166631547122795,94.27123892589165
GA_ULD_VP,3.0,4.321047526673133,99.98060135790494
MM_GS_VP,6.0,0.22342802425789976,99.9042451324609
GA_ULD_MKT,41.0,0.0,100.0
MM_TPC_MKT,26.0,0.02462447672986949,99.97537552327013
MM_DZ_MKT,30.0,0.13835418671799807,99.40046519088868
GA_LD_MKT,5.0,0.7204968944099378,96.84472049689441
GA_LD_MKT,10.0,0.2981366459627329,99.0807453416149
GA_LD_MKT,8.0,0.44720496894409933,98.36024844720497
MM_DZ_MKT,46.0,0.002005133140840552,99.99598973371832
MM_DZ_MKT,56.0,0.0,100.0
MM_GS_MKT,10.0,0.0,100.0
OT_TPC_MKT,42.0,0.005259835893120134,99.99737008205344
OT_TPC_MKT,39.0,0.010519671786240269,99.9737008205344
MM_GS_MKT,11.0,0.0,100.0
MM_BX_MKT,33.0,0.05182018396165306,99.63725871226843
MM_BX_MKT,38.0,0.02591009198082653,99.81862935613421
MM_BX_MKT,45.0,0.012955045990413265,99.98704495400959
MM_GS_MKT,12.0,0.0,100.0
OT_WX_MKT,42.0,0.0,100.0
OT_WX_MKT,43.0,0.0,100.0
OT_WX_MKT,44.0,0.0,100.0
OT_WX_MKT,38.0,0.006766815536608472,99.97969955339018
GA_ULD_ART,9.0,4.052854748052461,93.58544522236465
GA_ULD_ART,13.0,0.4240212996745883,100.0
GA_ULD_ART,7.0,8.03668277290208,81.55507346415541
GA_ULD_ART,8.0,7.97751701015679,89.5325904743122
GA_ULD_ART,6.0,9.07208362094468,73.51839069125333
GA_LD_ART,3.0,17.506516072980016,73.11033883579495
GA_LD_ART,2.0,20.373588184187664,55.60382276281494
GA_LD_ART,1.0,35.230234578627275,35.230234578627275
CMC_LD_ART,6.0,5.439330543933055,99.88457654018178
CMC_LD_ART,5.0,6.204010965228682,94.44524599624873
GA_ULD_ART,10.0,2.3617000295828814,95.94714525194755
GA_ULD_ART,12.0,1.7158071196134506,99.57597870032541
GA_ULD_ART,11.0,1.9130263287644216,97.86017158071196
MM_GS_MKT,13.0,0.0,100.0
MM_GS_MKT,14.0,0.0,100.0
MM_GS_MKT,6.0,0.026737967914438502,99.94652406417113
MM_GS_MKT,15.0,0.0,100.0
MM_GS_MKT,5.0,0.24064171122994654,99.91978609625669
MM_BX_MKT,32.0,0.06477522995206633,99.58543852830677
MM_BX_MKT,34.0,0.0388651379712398,99.67612385023966
MM_BX_MKT,31.0,0.0777302759424796,99.5206632983547
MM_BX_MKT,30.0,0.10364036792330612,99.44293302241223
MM_GS_MKT,7.0,0.026737967914438502,99.97326203208556
MM_GS_MKT,8.0,0.026737967914438502,100.0
GA_BX_MKT,23.0,0.0,100.0
GA_BX_MKT,24.0,0.0,100.0
GA_BX_MKT,25.0,0.0,100.0
CMC_LD_ART,7.0,0.057711729909104025,99.94228827009088
CMC_LD_ART,11.0,0.0,100.0
CMC_LD_ART,8.0,0.028855864954552012,99.97114413504545
CMC_LD_ART,9.0,0.014427932477276006,99.98557206752272
CMC_LD_ART,10.0,0.014427932477276006,100.0
CMC_LD_ART,4.0,17.111527918049344,88.24123503102005
CMC_LD_ART,3.0,19.46328091184533,71.1297071129707
CMC_LD_ART,2.0,25.53744048477853,51.666426201125375
GA_LD_ART,5.0,11.815812337098174,97.50217202432667
GA_LD_ART,4.0,12.576020851433537,85.68635968722849
CMC_LD_ART,1.0,26.128985716346847,26.128985716346847
GA_ULD_ART,3.0,11.680307661966276,41.583670249482296
GA_ULD_ART,1.0,15.762745291391381,15.762745291391381
GA_ULD_ART,2.0,14.140617296124642,29.90336258751602
GA_LD_ART,6.0,1.3900955690703736,98.89226759339704
GA_LD_ART,7.0,1.107732406602954,100.0
GA_BX_MKT,14.0,0.017769880053309643,99.92892047978677
GA_BX_MKT,16.0,0.008884940026654822,99.95557529986672
GA_BX_MKT,17.0,0.008884940026654822,99.96446023989338
GA_BX_MKT,18.0,0.008884940026654822,99.97334517992005
MM_DZ_MKT,57.0,0.0,100.0
OT_DZ_MKT,20.0,0.0,100.0
GA_BX_MKT,26.0,0.0,100.0
MM_BX_MKT,24.0,0.29796605777950513,98.28993392926544
MM_BX_MKT,20.0,0.6607073455110766,96.63168804249256
MM_BX_MKT,23.0,0.32387614976033163,97.99196787148594
MM_BX_MKT,13.0,1.1789091851276072,90.63350174893121
MM_BX_MKT,18.0,0.8032128514056224,95.16776784557585
MM_GS_MKT,16.0,0.0,100.0
GA_LD_MKT,53.0,0.0,100.0
MM_MX_MKT,6.0,0.7268112598061837,99.33087217351176
MM_MX_MKT,7.0,0.6691278264882325,100.0
MM_MX_MKT,5.0,1.4190124596215967,98.60406091370558
GA_ULD_MKT,42.0,0.0,100.0
GA_BX_MKT,11.0,0.035539760106619286,99.84895601954688
GA_BX_MKT,19.0,0.008884940026654822,99.98223011994669
MM_GS_MKT,2.0,41.60427807486631,92.00534759358288
MM_GS_MKT,1.0,50.40106951871658,50.40106951871658
OT_WX_MKT,39.0,0.006766815536608472,99.98646636892678
GA_BX_MKT,8.0,0.10661928031985785,99.7245668591737
GA_BX_MKT,15.0,0.017769880053309643,99.94669035984008
GA_LD_MKT,54.0,0.0,100.0
GA_LD_MKT,55.0,0.0,100.0
GA_LD_MKT,56.0,0.0,100.0
GA_LD_MKT,57.0,0.0,100.0
GA_ULD_MKT,26.0,0.002490784098834313,99.99750921590116
GA_ULD_MKT,43.0,0.0,100.0
GA_ULD_MKT,44.0,0.0,100.0
GA_ULD_MKT,45.0,0.0,100.0
GA_ULD_MKT,46.0,0.0,100.0
GA_ULD_MKT,47.0,0.0,100.0
GA_ULD_MKT,27.0,0.002490784098834313,100.0
GA_ULD_MKT,48.0,0.0,100.0
GA_LD_MKT,58.0,0.0,100.0
GA_LD_MKT,59.0,0.0,100.0
GA_LD_MKT,60.0,0.0,100.0
GA_LD_MKT,61.0,0.0,100.0
GA_LD_MKT,62.0,0.0,100.0
GA_LD_MKT,63.0,0.0,100.0
GA_LD_MKT,64.0,0.0,100.0
GA_ULD_MKT,49.0,0.0,100.0
GA_ULD_MKT,50.0,0.0,100.0
CMC_LD_MKT,24.0,0.0,100.0
CMC_LD_MKT,25.0,0.0,100.0
OT_WX_MKT,45.0,0.0,100.0
OT_WX_MKT,46.0,0.0,100.0
OT_WX_MKT,47.0,0.0,100.0
OT_WX_MKT,48.0,0.0,100.0
MM_GS_MKT,17.0,0.0,100.0
GA_LD_MKT,65.0,0.0,100.0
GA_LD_MKT,66.0,0.0,100.0
GA_LD_MKT,67.0,0.0,100.0
MM_GS_MKT,18.0,0.0,100.0
GA_LD_MKT,68.0,0.0,100.0
GA_LD_MKT,69.0,0.0,100.0
GA_LD_MKT,70.0,0.0,100.0
GA_LD_MKT,71.0,0.0,100.0
GA_LD_MKT,72.0,0.0,100.0
GA_LD_MKT,73.0,0.0,100.0
GA_LD_MKT,74.0,0.0,100.0
GA_LD_MKT,75.0,0.0,100.0
GA_LD_MKT,76.0,0.0,100.0
GA_BX_MKT,27.0,0.0,100.0
GA_BX_MKT,28.0,0.0,100.0
GA_BX_MKT,29.0,0.0,100.0
CMC_LD_MKT,26.0,0.0,100.0
OT_TPC_MKT,44.0,0.0,100.0
OT_TPC_MKT,45.0,0.0,100.0
OT_TPC_MKT,46.0,0.0,100.0
GA_ULD_MKT,51.0,0.0,100.0
GA_ULD_MKT,52.0,0.0,100.0
GA_ULD_MKT,53.0,0.0,100.0
GA_ULD_MKT,54.0,0.0,100.0
GA_LD_MKT,77.0,0.0,100.0
GA_LD_MKT,78.0,0.0,100.0
GA_LD_MKT,79.0,0.0,100.0
MM_GS_MKT,19.0,0.0,100.0
OT_TPC_MKT,47.0,0.0,100.0
OT_TPC_MKT,48.0,0.0,100.0
GA_ULD_MKT,55.0,0.0,100.0
GA_ULD_MKT,56.0,0.0,100.0
GA_ULD_MKT,57.0,0.0,100.0
OT_TPC_MKT,28.0,0.09730696402272249,99.46349673890174
OT_TPC_MKT,34.0,0.04996844098464128,99.83431516936672
OT_TPC_MKT,35.0,0.04470860509152115,99.87902377445823
OT_TPC_MKT,41.0,0.007889753839680201,99.99211024616032
MM_DZ_MKT,15.0,2.420195700994546,85.55502085338466
MM_DZ_MKT,16.0,2.3500160410651265,87.9050368944498
MM_DZ_MKT,8.0,3.099935835739493,67.38851459736927
GA_BX_MKT,2.0,31.879164815637495,64.25588627276767
GA_BX_MKT,3.0,24.673478454020437,88.9293647267881
GA_BX_MKT,1.0,32.37672145713017,32.37672145713017
CMC_LD_MKT,11.0,3.0512011400651464,99.31290716612378
CMC_LD_MKT,8.0,6.746233713355049,84.80252442996742
CMC_LD_MKT,6.0,7.021070846905538,71.04285423452768
CMC_LD_MKT,7.0,7.013436482084691,78.05629071661238
GA_ULD_MKT,1.0,11.823752117166483,11.823752117166483
GA_ULD_MKT,11.0,3.9777822058383983,88.9010660555943
GA_ULD_MKT,7.0,7.589419149148152,67.23622596393345
GA_ULD_MKT,2.0,11.268307263126433,23.092059380292916
GA_ULD_MKT,3.0,11.193583740161403,34.28564312045432
GA_ULD_ART,14.0,0.0,100.0
GA_ULD_ART,15.0,0.0,100.0
OT_TPC_MKT,22.0,0.702188091731538,97.05975173574585
OT_TPC_MKT,26.0,0.4444561329686514,99.25310330317694
OT_TPC_MKT,24.0,0.5812118661897749,98.33000210393436
OT_TPC_MKT,25.0,0.4786450662739323,98.80864717020829
MM_GS_MKT,4.0,0.7754010695187166,99.67914438502675
CMC_LD_MKT,14.0,0.188314332247557,99.94910423452768
CMC_LD_MKT,13.0,0.20612785016286644,99.76078990228012
CMC_LD_MKT,12.0,0.24175488599348535,99.55466205211727
GA_ULD_MKT,14.0,1.5891202550562917,97.30248082096244
GA_ULD_ART,4.0,11.473227492357756,53.056897741840054
GA_ULD_ART,5.0,11.389409328468593,64.44630707030865
GA_ULD_MKT,8.0,6.822257646707183,74.05848361064062
GA_ULD_MKT,5.0,8.809903357576964,52.01504433595696
GA_ULD_MKT,6.0,7.631762478828335,59.64680681478529
GA_ULD_MKT,4.0,8.919497857925675,43.205140978379994
MM_MO_MKT,7.0,7.23320340784791,57.07991187662728
MM_MO_MKT,11.0,3.7714338535488148,73.46284798718206
MM_MO_MKT,5.0,7.513595957417307,42.57190836401732
MM_MO_MKT,10.0,3.9100895099292856,69.69141413363324
MM_MO_MKT,8.0,4.53712120044986,61.61703307707714
MM_MO_MKT,21.0,1.3172287356144756,98.21750450630883
MM_MO_MKT,14.0,2.9795559937759015,82.72196459658907
MM_MO_MKT,12.0,3.190620715155063,76.65346870233712
MM_MO_MKT,22.0,0.7533623996672264,98.97086690597605
MM_MO_MKT,4.0,7.849450769538893,35.05831240660001
MM_MO_MKT,2.0,9.31766010876766,19.23308015837557
MM_MO_MKT,6.0,7.274800104762051,49.84670846877937
MM_MO_MKT,1.0,9.915420049607912,9.915420049607912
MM_MO_MKT,15.0,2.9795559937759015,85.70152059036496
MM_MO_MKT,19.0,1.6022431403965551,95.52758477252769
MM_MO_MKT,16.0,2.8717127054799794,88.57323329584494
MM_MO_MKT,25.0,0.2002803925495694,99.82436950191807
MM_MO_MKT,9.0,4.164291546626816,65.78132462370395
MM_MO_MKT,3.0,7.975781478685544,27.208861637061116
MM_MO_MKT,13.0,3.088939900476051,79.74240860281317
MM_MO_MKT,23.0,0.36820779861036224,99.33907470458642
MM_MO_MKT,18.0,2.5774545902725357,93.92534163213114
MM_MO_MKT,17.0,2.77465374601365,91.3478870418586
MM_MO_MKT,26.0,0.17563049808193007,100.0
MM_MO_MKT,20.0,1.3726909981666642,96.90027577069435
MM_MO_MKT,24.0,0.2850144047820795,99.6240891093685
GA_ULD_MKT,10.0,4.236823752117166,84.9232838497559
GA_ULD_MKT,9.0,6.627976486998106,80.68646009763873
GA_ZD_MKT,11.0,6.4939939939939935,93.69369369369369
GA_ZD_MKT,12.0,6.306306306306306,100.0
GA_ZD_MKT,6.0,8.145645645645645,57.09459459459459
GA_ZD_MKT,5.0,8.208208208208207,48.948948948948946
GA_ZD_MKT,3.0,9.246746746746746,32.18218218218218
GA_ZD_MKT,9.0,7.4074074074074066,80.005005005005
GA_ZD_MKT,10.0,7.194694694694695,87.19969969969969
GA_ZD_MKT,4.0,8.558558558558559,40.74074074074074
GA_ZD_MKT,1.0,13.063063063063062,13.063063063063062
GA_ZD_MKT,2.0,9.872372372372372,22.935435435435434
GA_ZD_MKT,7.0,7.82032032032032,64.91491491491492
GA_ZD_MKT,8.0,7.682682682682683,72.5975975975976
GA_ULD_MKT,12.0,3.8084088871176647,92.70947494271196
GA_BX_MKT,5.0,3.2963127498889384,96.2239004886717
GA_BX_MKT,4.0,3.998223011994669,92.92758773878276
GA_BX_MKT,6.0,3.251888049755664,99.47578853842737
GA_BX_MKT,20.0,0.008884940026654822,99.99111505997335
GA_BX_MKT,30.0,0.0,100.0
GA_BX_MKT,13.0,0.02665482007996446,99.91115059973346
GA_BX_MKT,31.0,0.0,100.0
GA_BX_MKT,21.0,0.008884940026654822,100.0
GA_BX_MKT,32.0,0.0,100.0
GA_ULD_MKT,58.0,0.0,100.0
GA_ULD_MKT,22.0,0.027398625087177445,99.95516588622098
GA_BX_MKT,12.0,0.035539760106619286,99.88449577965349
OT_DZ_MKT,10.0,0.1604676485758496,99.18619978222247
OT_DZ_MKT,16.0,0.0859648117370623,99.94842111295776
OT_DZ_MKT,15.0,0.10315777408447477,99.8624563012207
OT_DZ_MKT,11.0,0.1547366611267121,99.3409364433492
GA_ULD_MKT,59.0,0.0,100.0
GA_ULD_MKT,60.0,0.0,100.0
GA_ULD_MKT,61.0,0.0,100.0
GA_ULD_MKT,62.0,0.0,100.0
GA_ULD_MKT,63.0,0.0,100.0
GA_ULD_MKT,64.0,0.0,100.0
MM_GS_MKT,20.0,0.0,100.0
GA_ULD_MKT,65.0,0.0,100.0
GA_BX_MKT,33.0,0.0,100.0
GA_BX_MKT,34.0,0.0,100.0
GA_BX_MKT,35.0,0.0,100.0
GA_BX_MKT,36.0,0.0,100.0
GA_BX_MKT,37.0,0.0,100.0
GA_BX_MKT,38.0,0.0,100.0
MM_DZ_MKT,28.0,0.1704363169714469,99.10370548604428
MM_BX_MKT,11.0,2.57805415209224,88.12022282679104
MM_BX_MKT,10.0,2.681694520015546,85.5421686746988
MM_DZ_MKT,29.0,0.15840551812640358,99.26211100417068
GA_ULD_MKT,23.0,0.027398625087177445,99.98256451130815
MM_DZ_MKT,58.0,0.0,100.0
MM_DZ_MKT,27.0,0.2586621751684312,98.93326916907283
MM_DZ_MKT,26.0,0.31280076997112605,98.67460699390439
MM_DZ_MKT,9.0,2.9234841193455248,70.3119987167148
MM_DZ_MKT,23.0,0.34688803336541546,97.69209175489253
OT_DZ_MKT,6.0,4.023153189294516,96.4238638317382
OT_DZ_MKT,7.0,1.2264313141154222,97.65029514585363
OT_DZ_MKT,8.0,1.0086537910481976,98.65894893690182
MM_DZ_MKT,21.0,1.2291466153352584,96.69955085017645
MM_DZ_MKT,20.0,1.6482194417709335,95.4704042348412
MM_DZ_MKT,19.0,1.9028713506576835,93.82218479307026
MM_DZ_MKT,22.0,0.6456528713506577,97.34520372152711
MM_DZ_MKT,24.0,0.33886750080205325,98.03095925569458
MM_DZ_MKT,18.0,1.9068816169393648,91.91931344241257
GA_BX_MKT,39.0,0.0,100.0
GA_BX_MKT,40.0,0.0,100.0
GA_BX_MKT,41.0,0.0,100.0
GA_BX_MKT,42.0,0.0,100.0
MM_DZ_MKT,59.0,0.0,100.0
MM_DZ_MKT,60.0,0.0,100.0
OT_DZ_MKT,1.0,24.838099604561865,24.838099604561865
MM_DZ_MKT,61.0,0.0,100.0
MM_DZ_MKT,1.0,33.728344562078924,33.728344562078924
MM_DZ_MKT,34.0,0.06015399422521655,99.69321462945139
MM_DZ_MKT,47.0,0.002005133140840552,99.99799486685916
MM_DZ_MKT,32.0,0.06817452678857877,99.56689124157845
MM_DZ_MKT,62.0,0.0,100.0
OT_DZ_MKT,21.0,0.0,100.0
MM_DZ_MKT,63.0,0.0,100.0
MM_DZ_MKT,64.0,0.0,100.0
MM_DZ_MKT,65.0,0.0,100.0
MM_DZ_MKT,66.0,0.0,100.0
OT_DZ_MKT,18.0,0.005730987449137487,99.99426901255086
OT_DZ_MKT,22.0,0.0,100.0
OT_DZ_MKT,4.0,14.88910539285919,77.58610808642328
OT_DZ_MKT,3.0,17.038225686285745,62.6970026935641
OT_DZ_MKT,5.0,14.814602556020404,92.4007106424437
OT_DZ_MKT,2.0,20.820677402716488,45.65877700727835
OT_DZ_MKT,12.0,0.14900567367757467,99.48994211702676
OT_DZ_MKT,9.0,0.36678319674479914,99.02573213364663
OT_DZ_MKT,13.0,0.14327468622843717,99.6332168032552
OT_DZ_MKT,14.0,0.1260817238810247,99.75929852713622
OT_DZ_MKT,17.0,0.0401169121439624,99.98853802510172
MM_DZ_MKT,25.0,0.33084696823869103,98.36180622393327
MM_DZ_MKT,7.0,3.583172922682066,64.28857876162978
MM_DZ_MKT,6.0,3.8438402309913378,60.705405838947705
MM_DZ_MKT,48.0,0.002005133140840552,100.0
MM_DZ_MKT,31.0,0.09825152390118704,99.49871671478986
MM_DZ_MKT,2.0,7.605470003208213,41.333814565287135
MM_DZ_MKT,17.0,2.10739493102342,90.01243182547321
MM_DZ_MKT,3.0,5.67051652229708,47.00433108758422
MM_DZ_MKT,5.0,4.772216875200513,56.86156560795637
MM_DZ_MKT,14.0,2.500401026628168,83.13482515239012
MM_DZ_MKT,13.0,2.5024061597690084,80.63442412576195
MM_DZ_MKT,4.0,5.085017645171639,52.08934873275586
MM_DZ_MKT,12.0,2.5625601539942253,78.13201796599294
MM_DZ_MKT,10.0,2.6888835418671797,73.00088225858197
MM_DZ_MKT,36.0,0.056143727943535456,99.8075072184793
MM_DZ_MKT,43.0,0.014035931985883864,99.98195380173243
MM_DZ_MKT,38.0,0.034087263394289385,99.87768687840872
MM_DZ_MKT,33.0,0.0661693936477382,99.63306063522617
MM_DZ_MKT,11.0,2.5685755534167467,75.56945781199872
MM_BX_MKT,47.0,0.0,100.0
MM_DZ_MKT,67.0,0.0,100.0
GA_LD_MKT,80.0,0.0,100.0
GA_LD_MKT,81.0,0.0,100.0
GA_LD_MKT,82.0,0.0,100.0
MM_TPC_MKT,18.0,0.14774686037921694,99.35976360502339
MM_TPC_MKT,19.0,0.14774686037921694,99.5075104654026
MM_TPC_MKT,21.0,0.09849790691947796,99.72913075597143
CMC_LD_MKT,27.0,0.0,100.0
CMC_LD_MKT,28.0,0.0,100.0
MM_MX_MKT,3.0,25.657591139824643,79.63774803876326
MM_MX_MKT,2.0,26.09598523304107,53.980156898938624
MM_MX_MKT,4.0,17.54730041532072,97.18504845408398
MM_MX_MKT,1.0,27.884171665897554,27.884171665897554
GA_MX_MKT,11.0,0.007168458781362007,100.0
GA_MX_MKT,4.0,15.50179211469534,95.5089605734767
GA_ULD_MKT,66.0,0.0,100.0
GA_ULD_MKT,67.0,0.0,100.0
GA_ULD_MKT,68.0,0.0,100.0
GA_ULD_MKT,69.0,0.0,100.0
GA_LD_MKT,83.0,0.0,100.0
GA_LD_MKT,84.0,0.0,100.0
GA_LD_MKT,85.0,0.0,100.0
GA_LD_MKT,86.0,0.0,100.0
GA_LD_MKT,87.0,0.0,100.0
GA_LD_MKT,88.0,0.0,100.0
GA_LD_MKT,89.0,0.0,100.0
GA_LD_MKT,90.0,0.0,100.0
GA_LD_MKT,91.0,0.0,100.0
GA_LD_MKT,92.0,0.0,100.0
GA_LD_MKT,93.0,0.0,100.0
GA_LD_MKT,21.0,0.02484472049689441,99.9751552795031
GA_LD_MKT,94.0,0.0,100.0
GA_LD_MKT,95.0,0.0,100.0
GA_LD_MKT,96.0,0.0,100.0
GA_LD_MKT,97.0,0.0,100.0
GA_LD_MKT,98.0,0.0,100.0
GA_LD_MKT,11.0,0.1987577639751553,99.27950310559005
GA_LD_MKT,6.0,0.5962732919254659,97.44099378881987
GA_LD_MKT,16.0,0.07453416149068323,99.85093167701864
GA_LD_MKT,9.0,0.422360248447205,98.78260869565217
GA_LD_MKT,4.0,0.7701863354037267,96.12422360248446
GA_LD_MKT,7.0,0.4720496894409938,97.91304347826086
GA_ULD_MKT,15.0,1.2080302879346418,98.51051110889708
GA_ULD_MKT,24.0,0.007472352296502939,99.99003686360466
GA_ULD_MKT,19.0,0.2092258643020823,99.63136395337251
GA_ULD_MKT,17.0,0.29142173956361467,99.14067948590215
GA_ULD_MKT,20.0,0.19428115970907642,99.82564511308159
GA_ULD_MKT,21.0,0.10212214805220685,99.92776726113381
CMC_LD_MKT,29.0,0.0,100.0
GA_ULD_MKT,70.0,0.0,100.0
GA_ULD_MKT,71.0,0.0,100.0
GA_ULD_MKT,72.0,0.0,100.0
GA_ULD_MKT,73.0,0.0,100.0
CMC_LD_MKT,30.0,0.0,100.0
GA_LD_MKT,99.0,0.0,100.0
GA_LD_MKT,22.0,0.02484472049689441,100.0
GA_LD_MKT,100.0,0.0,100.0
GA_LD_MKT,101.0,0.0,100.0
GA_LD_MKT,102.0,0.0,100.0
OT_WX_MKT,8.0,3.180403302205982,80.92434700230072
OT_WX_MKT,12.0,1.7390715929083773,89.27459737447558
OT_WX_MKT,49.0,0.0,100.0
OT_WX_MKT,37.0,0.020300446609825416,99.97293273785357
OT_WX_MKT,9.0,2.395452699959399,83.31979970226011
OT_WX_MKT,7.0,3.424008661523887,77.74394370009473
OT_WX_MKT,34.0,0.054134524292867775,99.85113005819461
OT_WX_MKT,40.0,0.006766815536608472,99.99323318446339
OT_WX_MKT,1.0,14.217079442414398,14.217079442414398
OT_WX_MKT,2.0,13.824604141291108,28.041683583705506
OT_WX_MKT,3.0,13.526864257680336,41.56854784138584
OT_WX_MKT,4.0,13.20205711192313,54.770604953308975
OT_WX_MKT,6.0,9.257003654080389,74.31993503857085
OT_WX_MKT,5.0,10.292326431181486,65.06293138449045
MM_TPC_MKT,29.0,0.0,100.0
MM_BX_MKT,12.0,1.3343697370125664,89.4545925638036
MM_BX_MKT,14.0,1.114133955175541,91.74763570410674
OT_DZ_MKT,23.0,0.0,100.0
OT_DZ_MKT,24.0,0.0,100.0
OT_DZ_MKT,25.0,0.0,100.0
CMC_LD_ART,12.0,0.0,100.0
OT_WX_MKT,24.0,0.2706726214643389,98.30829611584788
OT_WX_MKT,25.0,0.2706726214643389,98.57896873731222
OT_WX_MKT,27.0,0.2165380971714711,99.01881174719178
OT_WX_MKT,23.0,0.2842062525375558,98.03762349438354
OT_TPC_MKT,4.0,6.708920681674732,29.44719124763307
OT_TPC_MKT,29.0,0.07363770250368189,99.53713444140543
OT_TPC_MKT,30.0,0.07100778455712183,99.60814222596255
OT_TPC_MKT,15.0,4.079002735114664,83.86282347990743
OT_TPC_MKT,9.0,4.812749842204924,57.51893540921523
OT_TPC_MKT,16.0,3.9369871660004203,87.79981064590784
OT_TPC_MKT,8.0,5.028403113822848,52.70618556701031
OT_TPC_MKT,27.0,0.11308647170208289,99.36618977487902
OT_TPC_MKT,37.0,0.021039343572480537,99.94214180517568
OT_WX_MKT,31.0,0.10150223304912709,99.62782514548654
OT_WX_MKT,28.0,0.2097712816348626,99.22858302882663
OT_WX_MKT,30.0,0.12180267965895249,99.52632291243741
OT_WX_MKT,29.0,0.17593720395182028,99.40452023277845
GA_ULD_MKT,74.0,0.0,100.0
GA_ULD_MKT,75.0,0.0,100.0
GA_ULD_MKT,76.0,0.0,100.0
MM_BX_MKT,15.0,0.9068532193289286,92.65448892343568
MM_BX_MKT,16.0,0.8679880813576888,93.52247700479336
MM_BX_MKT,19.0,0.8032128514056224,95.97098069698147
MM_BX_MKT,17.0,0.8420779893768623,94.36455499417023
MM_BX_MKT,48.0,0.0,100.0
MM_BX_MKT,49.0,0.0,100.0
MM_BX_MKT,50.0,0.0,100.0
MM_BX_MKT,51.0,0.0,100.0
OT_TPC_MKT,23.0,0.6890385019987376,97.74879023774459
OT_TPC_MKT,21.0,0.7679360403955396,96.3575636440143
OT_TPC_MKT,20.0,0.7758257942352198,95.58962760361877
OT_TPC_MKT,19.0,0.8047548916473807,94.81380180938355
OT_TPC_MKT,43.0,0.002629917946560067,100.0
MM_TPC_MKT,10.0,5.8852499384388075,88.77123861117951
MM_TPC_MKT,13.0,1.5513420339817778,97.0204383156858
MM_TPC_MKT,15.0,0.6402363949766068,98.76877616350652
MM_TPC_MKT,14.0,1.108101452844127,98.12853976852992
MM_TPC_MKT,8.0,7.264220635311499,76.87761635065254
MM_TPC_MKT,11.0,3.8906673233193794,92.66190593449889
MM_TPC_MKT,20.0,0.12312238364934745,99.63063284905195
MM_TPC_MKT,24.0,0.04924895345973898,99.92612656981039
MM_TPC_MKT,17.0,0.19699581383895592,99.21201674464417
MM_TPC_MKT,30.0,0.0,100.0
MM_TPC_MKT,12.0,2.807190347205122,95.46909628170401
MM_TPC_MKT,22.0,0.07387343018960847,99.80300418616103
OT_TPC_MKT,11.0,4.589206816747318,66.7552072375342
OT_TPC_MKT,7.0,5.422890805806859,47.67778245318746
OT_TPC_MKT,5.0,6.669471912476331,36.116663160109404
OT_TPC_MKT,17.0,3.6345466021460133,91.43435724805386
OT_TPC_MKT,6.0,6.138228487271197,42.2548916473806
OT_TPC_MKT,14.0,4.081632653061225,79.78382074479276
OT_TPC_MKT,2.0,7.708289501367557,15.897853986955607
OT_TPC_MKT,12.0,4.520828950136756,71.27603618767094
OT_TPC_MKT,1.0,8.189564485588049,8.189564485588049
OT_TPC_MKT,3.0,6.840416579002735,22.73827056595834
OT_TPC_MKT,18.0,2.574689669682306,94.00904691773617
OT_TPC_MKT,10.0,4.647065011571639,62.16600042078687
OT_TPC_MKT,13.0,4.4261519040605934,75.70218809173154
OT_TPC_MKT,38.0,0.021039343572480537,99.96318114874816
OT_TPC_MKT,40.0,0.010519671786240269,99.98422049232065
MM_TPC_MKT,27.0,0.02462447672986949,100.0
MM_TPC_MKT,3.0,8.076828367397193,38.53730608224575
MM_TPC_MKT,9.0,6.008372322088156,82.8859886727407
MM_TPC_MKT,7.0,7.461216449150456,69.61339571534104
OT_TPC_MKT,31.0,0.06048811277088154,99.66863033873344
OT_TPC_MKT,32.0,0.06048811277088154,99.7291184515043
OT_TPC_MKT,36.0,0.042078687144961074,99.9211024616032
OT_TPC_MKT,33.0,0.05522827687776141,99.78434672838208
MM_TPC_MKT,1.0,20.70918492982024,20.70918492982024
MM_TPC_MKT,2.0,9.751292785028317,30.460477714848558
MM_TPC_MKT,4.0,7.904457030288106,46.441763112533856
MM_TPC_MKT,6.0,7.805959123368629,62.152179266190586
MM_TPC_MKT,5.0,7.904457030288106,54.34622014282196
MM_TPC_MKT,23.0,0.07387343018960847,99.87687761635065
MM_TPC_MKT,31.0,0.0,100.0
MM_BX_MKT,39.0,0.02591009198082653,99.84453944811504
MM_BX_MKT,52.0,0.0,100.0
MM_BX_MKT,53.0,0.0,100.0
MM_BX_MKT,54.0,0.0,100.0
MM_BX_MKT,40.0,0.02591009198082653,99.87044954009586
MM_BX_MKT,41.0,0.02591009198082653,99.8963596320767
MM_BX_MKT,42.0,0.02591009198082653,99.92226972405751
OT_WX_MKT,41.0,0.006766815536608472,100.0
OT_WX_MKT,50.0,0.0,100.0
OT_WX_MKT,32.0,0.09473541751251861,99.72256056299905
OT_WX_MKT,33.0,0.0744349709026932,99.79699553390175
OT_WX_MKT,15.0,1.1909595344430912,93.605359317905
OT_WX_MKT,18.0,0.6360806604411964,95.87224252266883
OT_WX_MKT,36.0,0.04736770875625931,99.95263229124375
OT_WX_MKT,14.0,1.448098524834213,92.4143997834619
OT_WX_MKT,11.0,1.9623765056164568,87.53552578156719
OT_WX_MKT,10.0,2.253349573690621,85.57314927595074
GA_BX_MKT,7.0,0.14215904042647715,99.61794757885384
GA_BX_MKT,9.0,0.0444247001332741,99.76899155930698
GA_BX_MKT,10.0,0.0444247001332741,99.81341625944026
MM_BX_MKT,35.0,0.0388651379712398,99.7149889882109
MM_BX_MKT,55.0,0.0,100.0
MM_BX_MKT,56.0,0.0,100.0
MM_BX_MKT,57.0,0.0,100.0
OT_WX_MKT,20.0,0.5142779807822438,96.92786574637975
OT_WX_MKT,13.0,1.6917038841521181,90.9663012586277
OT_WX_MKT,21.0,0.5075111652456354,97.43537691162538
OT_WX_MKT,17.0,0.6496142915144133,95.23616186222763
OT_WX_MKT,35.0,0.054134524292867775,99.90526458248748
OT_WX_MKT,16.0,0.9811882528082284,94.58654757071322
OT_WX_MKT,26.0,0.2233049127080796,98.8022736500203
OT_WX_MKT,22.0,0.3180403302205982,97.75341724184598
OT_WX_MKT,51.0,0.0,100.0
OT_DZ_MKT,19.0,0.005730987449137487,100.0
OT_DZ_MKT,26.0,0.0,100.0
MM_DZ_MKT,68.0,0.0,100.0
MM_DZ_MKT,69.0,0.0,100.0
MM_DZ_MKT,45.0,0.004010266281681104,99.99398460057748
MM_DZ_MKT,37.0,0.03609239653512993,99.84359961501444
MM_DZ_MKT,70.0,0.0,100.0
MM_DZ_MKT,44.0,0.008020532563362208,99.9899743342958
MM_DZ_MKT,35.0,0.058148861084376,99.75136349053577
MM_DZ_MKT,71.0,0.0,100.0
OT_WX_MKT,19.0,0.5413452429286778,96.41358776559751
MM_GS_MKT,3.0,6.898395721925134,98.90374331550802
MM_BX_MKT,9.0,3.342401865526622,82.86047415468325
MM_BX_MKT,7.0,3.523772509392408,76.04611996372587
MM_BX_MKT,8.0,3.471952325430755,79.51807228915662
MM_BX_MKT,6.0,3.601502785334888,72.52234745433346
MM_BX_MKT,36.0,0.0388651379712398,99.75385412618215
MM_BX_MKT,46.0,0.012955045990413265,100.0
MM_BX_MKT,43.0,0.02591009198082653,99.94817981603835
MM_BX_MKT,37.0,0.0388651379712398,99.79271926415339
MM_BX_MKT,44.0,0.02591009198082653,99.97408990801917
MM_BX_MKT,3.0,14.613291877186164,48.41300686617437
MM_BX_MKT,1.0,16.90633501748931,16.90633501748931
MM_BX_MKT,5.0,10.182666148464827,68.92084466899857
MM_BX_MKT,2.0,16.8933799714989,33.799714988988214
MM_BX_MKT,4.0,10.325171654359373,58.73817852053375
